hc-key,reg_code,dep_code
fr-ara-ai,84,01
fr-hdf-as,32,02
fr-ara-al,84,03
fr-pac-ap,93,04
fr-pac-am,93,06
fr-ara-ah,84,07
fr-ges-an,44,08
fr-occ-ag,76,09
fr-ges-ab,44,10
fr-occ-ad,76,11
fr-occ-av,76,12
fr-ges-br,44,67
fr-pac-bd,93,13
fr-nor-cv,28,14
fr-ara-cl,84,15
fr-naq-ct,75,16
fr-naq-cm,75,17
fr-cvl-ch,24,18
fr-naq-cz,75,19
fr-cor-cs,94,2A
fr-bfc-co,27,21
fr-bre-ca,53,22
fr-naq-cr,75,23
fr-naq-ds,75,79
fr-naq-dd,75,24
fr-bfc-db,27,25
fr-ara-dm,84,26
fr-idf-es,11,91
fr-nor-eu,28,27
fr-cvl-el,24,28
fr-bre-fi,53,29
fr-occ-ga,76,30
fr-occ-ge,76,32
fr-naq-gi,75,33
fr-gua-gp,1,971
fr-gf-gf,3,973
fr-cor-hc,94,2B
fr-occ-hg,76,31
fr-ara-hl,84,43
fr-ges-hm,44,52
fr-pac-ha,93,05
fr-bfc-hn,27,70
fr-ara-hs,84,74
fr-occ-hp,76,65
fr-naq-hv,75,87
fr-ges-hr,44,68
fr-idf-hd,11,92
fr-occ-he,76,34
fr-bre-iv,53,35
fr-cvl-in,24,36
fr-cvl-il,24,37
fr-ara-is,84,38
fr-bfc-ju,27,39
fr-lre-re,4,974
fr-naq-ld,75,40
fr-ara-lr,84,42
fr-pdl-la,52,44
fr-cvl-lt,24,45
fr-cvl-lc,24,41
fr-occ-lo,76,46
fr-naq-lg,75,47
fr-occ-lz,76,48
fr-pdl-ml,52,49
fr-nor-mh,28,50
fr-ges-mr,44,51
fr-mq-mq,2,972
fr-pdl-my,52,53
fr-may-yt,6,976
fr-ges-mm,44,54
fr-ges-ms,44,55
fr-bre-mb,53,56
fr-ges-mo,44,57
fr-bfc-ni,27,58
fr-hdf-no,32,59
fr-hdf-oi,32,60
fr-nor-or,28,61
fr-idf-vp,11,75
fr-hdf-pc,32,62
fr-ara-pd,84,63
fr-naq-pa,75,64
fr-occ-po,76,66
fr-ara-rh,84,69
fr-bfc-sl,27,71
fr-pdl-st,52,72
fr-ara-sv,84,73
fr-idf-se,11,77
fr-nor-sm,28,76
fr-idf-ss,11,93
fr-hdf-so,32,80
fr-occ-ta,76,81
fr-occ-tg,76,82
fr-bfc-tb,27,90
fr-idf-vm,11,94
fr-idf-vo,11,95
fr-pac-vr,93,83
fr-pac-vc,93,84
fr-pdl-vd,52,85
fr-naq-vn,75,86
fr-ges-vg,44,88
fr-bfc-yo,27,89
fr-idf-yv,11,78
